{
  "timestamp": "2026-03-25T04:00:01.825474",
  "benchmarks": {
    "model_loading": {
      "ml_service_init": {
        "elapsed_ms": 591.4969444274902,
        "memory_delta_mb": 128.859375,
        "status": "\u2705 SUCCESS"
      }
    },
    "emissions_prediction": {
      "emissions_prediction": {
        "name": "emissions_prediction",
        "calls": 50,
        "avg_time_ms": 14.0742826461792,
        "min_time_ms": 11.721134185791016,
        "max_time_ms": 27.104854583740234,
        "total_time_ms": 703.71413230896,
        "avg_memory_mb": 0.01875,
        "peak_memory_mb": 0.796875
      }
    },
    "lstm_forecasting": {
      "lstm_forecast": {
        "status": "\u26a0\ufe0f SKIPPED",
        "reason": "Service not available"
      }
    },
    "anomaly_detection": {
      "anomaly": {
        "status": "\u26a0\ufe0f SKIPPED"
      }
    },
    "scenario_simulation": {
      "simulation": {
        "status": "\u26a0\ufe0f SKIPPED"
      }
    },
    "api_endpoints": {
      "GET_/health": {
        "name": "api_GET_/health",
        "calls": 5,
        "avg_time_ms": 2.9079437255859375,
        "min_time_ms": 1.3146400451660156,
        "max_time_ms": 8.414030075073242,
        "total_time_ms": 14.539718627929688,
        "avg_memory_mb": 0.278125,
        "peak_memory_mb": 1.3125
      },
      "GET_/api/sectors": {
        "name": "api_GET_/api/sectors",
        "calls": 5,
        "avg_time_ms": 1.2915611267089844,
        "min_time_ms": 1.1608600616455078,
        "max_time_ms": 1.4421939849853516,
        "total_time_ms": 6.457805633544922,
        "avg_memory_mb": 0.0,
        "peak_memory_mb": 0.0
      },
      "POST_/api/calculate": {
        "name": "api_POST_/api/calculate",
        "calls": 5,
        "avg_time_ms": 1.204824447631836,
        "min_time_ms": 1.0528564453125,
        "max_time_ms": 1.363992691040039,
        "total_time_ms": 6.02412223815918,
        "avg_memory_mb": 0.003125,
        "peak_memory_mb": 0.015625
      }
    }
  },
  "summary": [
    {
      "name": "ml_service_init",
      "calls": 1,
      "avg_time_ms": 591.4969444274902,
      "min_time_ms": 591.4969444274902,
      "max_time_ms": 591.4969444274902,
      "total_time_ms": 591.4969444274902,
      "avg_memory_mb": 128.859375,
      "peak_memory_mb": 128.859375
    },
    {
      "name": "emissions_prediction",
      "calls": 50,
      "avg_time_ms": 14.0742826461792,
      "min_time_ms": 11.721134185791016,
      "max_time_ms": 27.104854583740234,
      "total_time_ms": 703.71413230896,
      "avg_memory_mb": 0.01875,
      "peak_memory_mb": 0.796875
    }
  ]
}